link,color,id_product
17998_b4a3v_a0.jpg,green,1
17998_b4bk_a0.jpg,black,1
17998_b4ma_a0.jpg,brown,1
17998_b4nv_a0.jpg,blue,1
17998_b4tn_a0.jpg,brown,1
17998_b4vr_a0.jpg,red,1
26353_svbk_a0.jpg,black,2
32281_arbk_a0.jpg,black,3
33521_liblk_a0.jpg,black,4
33521_linav_a0.jpg,blue,4
33521_linud_a0.jpg,beige,4
33521_lipbu_a0.jpg,blue,4
33521_lired_a0.jpg,red,4
33524_svdk6_a0.jpg,gray,5
33533_liblk_a0.jpg,black,6
33545_liblk_a0.jpg,black,7
33547_liblk_a0.jpg,black,8
33547_licrd_a0.jpg,red,8
33547_liden_a0.jpg,blue,8
33547_linav_a0.jpg,blue,8
33547_linud_a0.jpg,beige,8
33547_svpk_a0.jpg,pink,8
33549_liblk_a0.jpg,black,9
33549_linud_a0.jpg,beige,9
33577_liblk_a0.jpg,black,10
33577_svsd_a0.jpg,brown,10
33684_akgun_a0.jpg,gray,11
33689_lichk_a0.jpg,white,12
33689_linud_a0.jpg,beige,12
33689_qbbk_a0.jpg,black,12
33690_liapr_a0.jpg,beige,13
33690_lipbu_a0.jpg,blue,13
33690_qbbk_a0.jpg,black,13
33727_liblk_a0.jpg,black,14
33727_lisad_a0.jpg,brown,14
33728_liapr_a0.jpg,pink,15
33728_lipbu_a0.jpg,blue,15
33737_liaa8_a0.jpg,brown,16
33737_svdk6_a0.jpg,gray,16
33861_svte_a0.jpg,blue,17
33915_liblk_a0.jpg,black,18
33915_linav_a0.jpg,blue,18
33915_linud_a0.jpg,beige,18
33915_lipwe_a0.jpg,yellow,18
33995_liblk_a0.jpg,black,19
33995_lichk_a0.jpg,white,19
33995_linud_a0.jpg,beige,19
33995_lipbu_a0.jpg,blue,19
33995_m1.jpg, ,19
33995_m2.jpg, ,19
33995_m3.jpg, ,19
33995_svpk_a0.jpg,pink,19
33996_liblk_a0.jpg,black,20
33996_linud_a0.jpg,beige,20
33996_lipbu_a0.jpg,blue,20
33996_m1.jpg, ,20
33996_m2.jpg, ,20
33996_svpk_a0.jpg,pink,20
34311_liapr_a0.jpg,pink,21
34311_liblk_a0.jpg,black,21
34311_lichk_a0.jpg,white,21
34312_liblk_a0.jpg,black,22
34312_linav_a0.jpg,blue,22
34312_linud_a0.jpg,beige,22
34312_lipbu_a0.jpg,blue,22
34312_lipwe_a0.jpg,yellow,22
34334_liapr_a0.jpg,beige,23
34334_lipbu_a0.jpg,blue,23
34335_liblk_a0.jpg,black,24
34335_lichk_a0.jpg,white,24
34335_m1.jpg, ,25
34339_liapr_a0.jpg,pink,26
34339_liblk_a0.jpg,black,26
34340_liblk_a0.jpg,black,27
34340_lichk_a0.jpg,white,27
34340_liden_a0.jpg,blue,27
34340_linud_a0.jpg,beige,27
34340_lired_a0.jpg,red,27
34340_m1.jpg, ,27
34340_m2.jpg, ,27
34340_svpk_a0.jpg,pink,27
34351_lidti_a0.jpg,beige,28
34355_lidti_a0.jpg,beige,29
34361_licmb_a0.jpg,blue,30
34362_liblk_a0.jpg,black,31
34362_linav_a0.jpg,blue,31
34362_linud_a0.jpg,beige,31
34362_lired_a0.jpg,red,31
34362_m1.jpg, ,31
34362_m2.jpg, ,31
34370_liapr_a0.jpg,pink,32
34370_liblk_a0.jpg,black,32
34370_linud_a0.jpg,beige,32
34370_svpk_a0.jpg,pink,32
34388_liblk_a0.jpg,black,33
34388_lichk_a0.jpg,white,33
34388_linav_a0.jpg,blue,33
34388_linud_a0.jpg,beige,33
34388_lired_a0.jpg,red,33
34396_lichk_a0.jpg,white,34
34397_liapr_a0.jpg,pink,35
34397_liblk_a0.jpg,black,35
34398_liblk_a0.jpg,black,36
34398_lichk_a0.jpg,white,36
34398_qbnud_a0.jpg,beige,36
34404_svdrk_a0.jpg,red,37
34404_svdst_a0.jpg,black,37
34408_m1.jpg, ,38
34408_m2.jpg, ,38
34408_mwbk_a0.jpg,black,38
34409_licah_a0.jpg,white,39
34417_licah_a0.jpg,white,40
34417_lidtd_a0.jpg,pink,40
34417_m1.jpg, ,40
34417_m2.jpg, ,40
34420_lia4x_a0.jpg,beige,41
34420_qbdow_a0.jpg,brown,41
34426_liblk_a0.jpg,black,42
34426_lichk_a0.jpg,white,42
34426_liden_a0.jpg,blue,42
34429_lichk_a0.jpg,white,43
34440_liden_a0.jpg,blue,44
34445_litn2_a0.jpg,beige,45
34448_liblk_a0.jpg,black,46
34454_svdst_a0.jpg,black,47
34456_liwah_a0.jpg,blue,48
34471_svdrk_a0.jpg,red,49
34471_svdss_a0.jpg,blue,49
34474_liblk_a0.jpg,black,50
34474_licrd_a0.jpg,red,50
34474_lisad_a0.jpg,brown,50
34474_svde_a0.jpg,blue,50
34481_svdst_a0.jpg,black,51
34501_qbden_a0.jpg,blue,52
34504_litn2_a0.jpg,beige,53
34505_licrd_a0.jpg,red,54
34505_svde_a0.jpg,blue,54
34506_liblk_a0.jpg,black,55
34506_liden_a0.jpg,blue,55
34516_qbdod_a0.jpg,blue,56
34522_licmb_a0.jpg,blue,57
34522_svbk_a0.jpg,black,57
34522_svpk_a0.jpg,pink,57
34533_liblk_a0.jpg,black,58
34533_m1.jpg, ,58
34533_m2.jpg, ,58
34540_litn2_a0.jpg,beige,59
34542_licmh_a0.jpg,red,60
34542_m1.jpg, ,60
34542_m2.jpg, ,60
34546_licpv_a0.jpg,brown,61
34546_lidrx_a0.jpg,brown,61
34547_lib7m_a0.jpg,beige,62
34558_m1.jpg, ,63
34558_m2.jpg, ,63
34558_svdpz_a0.jpg,blue,63
34563_liblk_a0.jpg,black,64
34563_linav_a0.jpg,blue,64
34563_linud_a0.jpg,beige,64
34563_lired_a0.jpg,red,64
34595_licpv_a0.jpg,brown,65
34595_lidrx_a0.jpg,brown,65
34748_liblk_a0.jpg,black,66
34749_qbdod_a0.jpg,blue,67
34751_lichk_a0.jpg,white,68
34756_lichk_a0.jpg,white,69
34758_lichk_a0.jpg,white,70
34771_liapr_a0.jpg,pink,71
34774_m1.jpg, ,72
34774_m2.jpg, ,72
34774_svdrl_a0.jpg,white,72
34774_svdss_a0.jpg,blue,72
34774_svdst_a0.jpg,black,72
34775_m1.jpg, ,73
34775_m2.jpg, ,73
34775_m3.jpg, ,73
34775_svdst_a0.jpg,black,73
34812_liden_a0.jpg,blue,74
34812_lired_a0.jpg,red,74
34817_liblk_a0.jpg,black,75
34817_linud_a0.jpg,beige,75
34817_lired_a0.jpg,red,75
35092_licpv_a0.jpg,brown,76
35092_lidrx_a0.jpg,brown,76
35092_lidry_a0.jpg,brown,76
35750_wrcrm_a0.jpg,white,77
35750_wre1b_a0.jpg,yellow,77
35750_wre60_a0.jpg,brown,77
35751_wre0o_a0.jpg,pink,78
35753_wre5z_a0.jpg,brown,79
35753_wrprw_a0.jpg,blue,79
35754_wrcrm_a0.jpg,white,80
35764_wrcrm_a0.jpg,white,80
35767_wre1b_a0.jpg,yellow,81
35767_wrprw_a0.jpg,blue,81
35768_wre0o_a0.jpg,pink,82
35771_wrpin_a0.jpg,pink,83
35792_m1.jpg, ,84
35792_m2.jpg, ,84
35792_wrcrm_a0.jpg,white,84
35796_wre0o_a0.jpg,pink,85
35796_wrprw_a0.jpg,blue,85
35798_wrcrm_a0.jpg,white,86
35798_wre0o_a0.jpg,pink,86
35798_wre0q_a0.jpg,yellow,86
35798_wre5h_a0.jpg,green,86
35798_wrmnt_a0.jpg,green,86
35798_wrpch_a0.jpg,pink,86
35798_wrprw_a0.jpg,blue,86
35798_wrtng_a0.jpg,red,86
35799_wre6a_a0.jpg,blue,87
35799_wre6b_a0.jpg,brown,87
35799_wre6c_a0.jpg,green,87
35800_wrnat_a0.jpg,beige,88
35827_wrcrm_a0.jpg,white,89
35851_wrprw_a0.jpg,blue,90
35853_wrsad_a0.jpg,brown,91
52348_liapr_a0.jpg,beige,92
52348_liblk_a0.jpg,black,92
52348_liden_a0.jpg,blue,92
52348_linav_a0.jpg,blue,92
52348_linud_a0.jpg,beige,92
52348_lipwe_a0.jpg,yellow,92
52377_liblk_a0.jpg,black,98
52377_svsd_a0.jpg,brown,98
52385_liapr_a0.jpg,beige,99
52385_liblk_a0.jpg,black,99
52576_lic7c_a0.jpg,brown,100
52576_svdk6_a0.jpg,black,100
52778_liapr_a0.jpg,pink,101
52834_svdrl_a0.jpg,white,102
52834_svdst_a0.jpg,black,102
52883_svdtc_a0.jpg,blue,103
52895_liblk_a0.jpg,black,104
52895_lired_a0.jpg,red,104
52896_liblk_a0.jpg,black,105
52896_liden_a0.jpg,blue,105
52896_linud_a0.jpg,beige,105
52896_lipbu_a0.jpg,blue,105
52896_lired_a0.jpg,red,105
52896_svpk_a0.jpg,pink,105
52901_liapr_a0.jpg,pink,106
52901_liblk_a0.jpg,black,106
52901_lichk_a0.jpg,white,106
52901_liden_a0.jpg,blue,106
52901_linud_a0.jpg,beige,106
52901_lired_a0.jpg,red,106
52901_svpk_a0.jpg,pink,106
52906_lichk_a0.jpg,white,107
52906_linud_a0.jpg,beige,107
52906_lired_a0.jpg,red,107
52909_lipbu_a0.jpg,blue,108
52909_litn2_a0.jpg,beige,108
52943_liblk_a0.jpg,black,109
52943_liden_a0.jpg,blue,109
52943_lired_a0.jpg,red,109
52948_liapr_a0.jpg,pink,110
52948_liblk_a0.jpg,black,110
52948_lichk_a0.jpg,white,110
52948_lired_a0.jpg,red,110
53005_litn2_a0.jpg,beige,111
53006_lidrx_a0.jpg,brown,112
53006_svcq_a0.jpg,black,112
53007_litn2_a0.jpg,beige,113
53032_mwbk_a0.jpg,black,114
53107_licah_a0.jpg,white,115
53107_lidtd_a0.jpg,pink,115
53108_liblk_a0.jpg,black,116
71622_qbash_a0.jpg,gray,117
71622_qbbk_a0.jpg,black,117
71622_qbdbr_a0.jpg,brown,117
71622_qbden_a0.jpg,blue,117
71622_qbmq_a0.jpg,blue,117
71622_qbred_a0.jpg,red,117
9061_blk_a0.jpg,black,118
9061_tan_a0.jpg,brown,118
9525_blk_a0.jpg,black,119
9525_tan_a0.jpg,brown,119
9790_blk_a0.jpg,black,120
9790_mah_a0.jpg,brown,120
9790_tan_a0.jpg,brown,120
9870_mah_a0.jpg,brown,121
9870_tan_a0.jpg,brown,121
9927_blk_a0.jpg,black,122
9927_mah_a0.jpg,brown,122
9927_svbk_a0.jpg,black,122
9927_tan_a0.jpg,brown,122
9951_blk_a0.jpg,black,123
9951_svbk_a0.jpg,black,123
9951_tan_a0.jpg,brown,123
9966_blk_a0.jpg,black,124
9966_svbk_a0.jpg,black,124
9966_tan_a0.jpg,brown,124